sanskrit,hindi
Sarga Chapter- 3,Sarga Chapter- 3
॥ श्रीसीतारामचन्द्राभ्यां नमः॥ श्रीमद्वाल्मीकीय रामायण उत्तरकाण्डम् तृतीयः सर्गः (सर्ग 3),"विश्रवा से वैश्रवण (कुबेर ) की उत्पत्ति, उनकी तपस्या, वरप्राप्ति तथा लङ्का में निवास"
अथ पुत्रः पुलस्त्यस्य विश्रवा मुनिपुङ्गवः। अचिरेणैव कालेन पितेव तपसि स्थितः॥१॥,पुलस्त्य के पुत्र मुनिवर विश्रवा थोड़े ही समय में पिता की भाँति तपस्या में संलग्न हो गये॥१॥
सत्यवान् शीलवान् दान्तः स्वाध्यायनिरतः शुचिः । सर्वभोगेष्वसंसक्तो नित्यं धर्मपरायणः॥२॥,"वे सत्यवादी, शीलवान्, जितेन्द्रिय, स्वाध्यायपरायण, बाहर-भीतर से पवित्र, सम्पूर्ण भोगों में अनासक्त तथा सदा ही धर्म में तत्पर रहने वाले थे॥२॥"
ज्ञात्वा तस्य तु तद् वृत्तं भरद्वाजो महामुनिः। ददौ विश्रवसे भार्यां स्वसुतां देववर्णिनीम्॥३॥,"विश्रवा के इस उत्तम आचरण को जानकर महामुनि भरद्वाज ने अपनी कन्या का, जो देवाङ्गना के समान सुन्दरी थी, उनके साथ विवाह कर दिया॥३॥"
प्रतिगृह्य तु धर्मेण भरद्वाजसुतां तदा। प्रजान्वेषिकया बुद्ध्या श्रेयो ह्यस्य विचिन्तयन्॥४॥ मुदा परमया युक्तो विश्रवा मुनिपुङ्गवः। स तस्यां वीर्यसम्पन्नमपत्यं परमाद्भुतम्॥५॥ जनयामास धर्मज्ञः सर्वैर्ब्रह्मगुणैर्वृतम्। तस्मिजाते तु संहृष्टः स बभूव पितामहः॥६॥,धर्म के ज्ञाता मुनिवर विश्रवा ने बड़ी प्रसन्नता के साथ धर्मानुसार भरद्वाज की कन्या का पाणिग्रहण किया और प्रजा का हित चिन्तन करने वाली बुद्धि के द्वारा लोककल्याण का विचार करते हुए उन्होंने उसके गर्भ से एक अद्भुत और पराक्रमी पुत्र उत्पन्न किया। उसमें सभी ब्राह्मणोचित गुण विद्यमान थे। उसके जन्म से पितामह पुलस्त्य मुनि को बड़ी प्रसन्नता हुई॥४-६॥
दृष्ट्वा श्रेयस्करी बुद्धिं धनाध्यक्षो भविष्यति। नाम चास्याकरोत् प्रीतः सार्धं देवर्षिभिस्तदा॥७॥,उन्होंने दिव्य दृष्टिसे देखा—’इस बालक में संसार का कल्याण करने की बुद्धि है तथा यह आगे चलकर धनाध्यक्ष होगा’ तब उन्होंने बड़े हर्ष से भरकर देवर्षियों के साथ उसका नामकरण-संस्कार किया॥७॥
यस्माद् विश्रवसोऽपत्यं सादृश्याद् विश्रवा इव। तस्माद् वैश्रवणो नाम भविष्यत्येष विश्रुतः॥८॥,वे बोले—’विश्रवा का यह पुत्र विश्रवा के ही समान उत्पन्न हुआ है; इसलिये यह वैश्रवण नाम से विख्यात होगा’ ॥ ८॥
स तु वैश्रवणस्तत्र तपोवनगतस्तदा। अवर्धताहुतिहुतो महातेजा यथानलः॥९॥,कुमार वैश्रवण वहाँ तपोवन में रहकर उस समय आहुति डालने से प्रज्वलित हुई अग्नि के समान बढ़ने लगे और महान् तेज से सम्पन्न हो गये॥९॥
तस्याश्रमपदस्थस्य बुद्धिर्जज्ञे महात्मनः। चरिष्ये परमं धर्मं धर्मो हि परमा गतिः॥१०॥,आश्रम में रहने के कारण उन महात्मा वैश्रवण के मन में भी यह विचार उत्पन्न हुआ कि मैं उत्तम धर्म का आचरण करूँ; क्योंकि धर्म ही परमगति है॥१०॥
स तु वर्षसहस्राणि तपस्तप्त्वा महावने। यन्त्रितो नियमैरुग्रैश्चकार सुमहत्तपः॥११॥,यह सोचकर उन्होंने तपस्या का निश्चय करने के पश्चात् महान् वन के भीतर सहस्रों वर्षों तक कठोर नियमों से बँधकर बड़ी भारी तपस्या की॥ ११॥
पूर्णे वर्षसहस्रान्ते तं तं विधिमकल्पयत्। जलाशी मारुताहारो निराहारस्तथैव च॥१२॥ एवं वर्षसहस्राणि जग्मुस्तान्येकवर्षवत्।,वे एक-एक सहस्र वर्ष पूर्ण होने पर तपस्या की नयी-नयी विधि ग्रहण करते थे। पहले तो उन्होंने केवल जल का आहार किया। तत्पश्चात् वे हवा पीकर रहने लगे; फिर आगे चलकर उन्होंने उसका भी त्याग कर दिया और वे एकदम निराहार रहने लगे। इस तरह उन्होंने कई सहस्र वर्षों को एक वर्ष के समान बिता दिया॥ १२ १/२॥
अथ प्रीतो महातेजाः सेन्द्रैः सुरगणैः सह ॥१३॥ गत्वा तस्याश्रमपदं ब्रह्मेदं वाक्यमब्रवीत्।।,तब उनकी तपस्या से प्रसन्न होकर महातेजस्वी ब्रह्माजी इन्द्र आदि देवताओं के साथ उनके आश्रमपर पधारे और इस प्रकार बोले- ॥ १३ १/२॥
परितुष्टोऽस्मि ते वत्स कर्मणानेन सुव्रत॥१४॥ वरं वृणीष्व भद्रं ते वराहस्त्वं महामते।,‘उत्तम व्रत का पालन करने वाले वत्स! मैं तुम्हारे इस कर्म से—तपस्या से बहुत संतुष्ट हूँ। महामते ! तुम्हारा भला हो। तुम कोई वर माँगो; क्योंकि वर पाने के योग्य हो’॥ १४ १/२॥
अथाब्रवीद वैश्रवणः पितामहमुपस्थितम्॥१५॥ भगवॅल्लोकपालत्वमिच्छेयं लोकरक्षणम्।,"यह सुनकर वैश्रवण ने अपने निकट खड़े हुए पितामह से कहा—’भगवन् ! मेरा विचार लोक की रक्षा करने का है, अतः मैं लोकपाल होना चाहता हूँ’॥ १५ १/२॥"
अथाब्रवीद् वैश्रवणं परितुष्टेन चेतसा॥१६॥ ब्रह्मा सुरगणैः सार्धं बाढमित्येव हृष्टवत्।,वैश्रवणकी इस बात से ब्रह्माजी के चित्त को और भी संतोष हुआ। उन्होंने सम्पूर्ण देवताओं के साथ प्रसन्नतापूर्वक कहा—’बहुत अच्छा’ ॥ १६ १/२॥
अहं वै लोकपालानां चतुर्थं स्रष्टुमुद्यतः॥१७॥ यमेन्द्रवरुणानां च पदं यत् तव चेप्सितम्।,"इसके बाद वे फिर बोले—’बेटा! मैं चौथे लोकपाल की सृष्टि करने के लिये उद्यत था। यम, इन्द्र और वरुण को जो पद प्राप्त है, वैसा ही लोकपाल पद तुम्हें भी प्राप्त होगा, जो तुमको अभीष्ट है॥ १७ १/२॥"
तद् गच्छ बत धर्मज्ञ निधीशत्वमवाप्नुहि ॥१८॥ शक्राम्बुपयमानां च चतुर्थस्त्वं भविष्यसि।,"‘धर्मज्ञ ! तुम प्रसन्नतापूर्वक उस पद को ग्रहण करो और अक्षय निधियों के स्वामी बनो। इन्द्र, वरुण और यम के साथ तुम चौथे लोकपाल कहलाओगे॥ १८ १/२॥"
एतच्च पुष्पकं नाम विमानं सूर्यसंनिभम्॥१९॥ प्रतिगृह्णीष्व यानार्थं त्रिदशैः समतां व्रज।,‘यह सूर्यतुल्य तेजस्वी पुष्पकविमान है। इसे अपनी सवारी के लिये ग्रहण करो और देवताओं के समान हो जाओ॥ १९ १/२॥
स्वस्ति तेऽस्तु गमिष्यामः सर्व एव यथागतम्॥२०॥ कृतकृत्या वयं तात दत्वा तव वरद्रयम्।,"‘तात! तुम्हारा कल्याण हो। अब हम सब लोग जैसे आये हैं, वैसे लौट जायेंगे। तुम्हें ये दो वर देकर हम अपने को कृतकृत्य समझते हैं ॥ २० १/२॥"
इत्युक्त्वा स गतो ब्रह्मा स्वस्थानं त्रिदशैः सह।२१॥ गतेषु ब्रह्मपूर्वेषु देवेष्वथ नभस्तलम्। धनेशः पितरं प्राह प्राञ्जलिः प्रयतात्मवान्॥२२॥ भगवॅल्लब्धवानस्मि वरमिष्टं पितामहात्।,ऐसा कहकर ब्रह्माजी देवताओं के साथ अपने स्थान को चले गये। ब्रह्मा आदि देवताओं के आकाश में चले जाने पर अपने मन को संयम में रखने वाले धनाध्यक्ष ने पिता से हाथ जोड़कर कहा ‘भगवन्! मैंने पितामह ब्रह्माजी से मनोवाञ्छित फल प्राप्त किया है॥ २१-२२ १/२॥
निवासनं न मे देवो विदधे स प्रजापतिः॥२३॥ तं पश्य भगवन् कंचिन्निवासं साधु मे प्रभो। न च पीडा भवेद् यत्र प्राणिनो यस्य कस्यचित्॥२४॥,"‘परंतु उन प्रजापतिदेव ने मेरे लिये कोई निवासस्थान नहीं बताया। अतः भगवन् ! अब आप ही मेरे रहने के योग्य किसी ऐसे स्थान की खोज कीजिये, जो सभी दृष्टियों से अच्छा हो। प्रभो! वह स्थान ऐसा होना चाहिये, जहाँ रहने से किसी भी प्राणी को कष्ट न हो’॥ २३-२४॥"
एवमुक्तस्तु पुत्रेण विश्रवा मुनिपुंगवः। वचनं प्राह धर्मज्ञ श्रूयतामिति सत्तम ॥२५॥ दक्षिणस्योदधेस्तीरे त्रिकूटो नाम पर्वतः। तस्याग्रे तु विशाला सा महेन्द्रस्य पुरी यथा॥२६॥,"अपने पुत्र के ऐसा कहने पर मुनिवर विश्रवा बोले —’धर्मज्ञ! साधुशिरोमणे! सुनो—दक्षिण समुद्र के तट पर एक त्रिकूट नामक पर्वत है। उसके शिखर पर एक विशाल पुरी है, जो देवराज इन्द्र की अमरावती पुरी के समान शोभा पाती है॥ २५-२६ ॥"
लङ्का नाम पुरी रम्या निर्मिता विश्वकर्मणा। राक्षसानां निवासार्थं यथेन्द्रस्यामरावती॥२७॥,‘उसका नाम लङ्का है। इन्द्र की अमरावती के समान उस रमणीय पुरी का निर्माण विश्वकर्मा ने राक्षसों के रहने के लिये किया है॥२७॥
तत्र त्वं वस भद्रं ते लङ्कायां नात्र संशयः। हेमप्राकारपरिखा यन्त्रशस्त्रसमावृता॥२८॥,‘बेटा! तुम्हारा कल्याण हो। तुम निःसंदेह उस लङ्कापुरी में ही जाकर रहो। उसकी चहारदीवारी सोने की बनी हुई है। उसके चारों ओर चौड़ी खाइयाँ खुदी हुई हैं और वह अनेकानेक यन्त्रों तथा शस्त्रों से सुरक्षित है॥
रमणीया पुरी सा हि रुक्मवैदूर्यतोरणा। राक्षसैः सा परित्यक्ता पुरा विष्णुभयार्दितैः॥२९॥,‘वह पुरी बड़ी ही रमणीय है। उसके फाटक सोने और नीलम के बने हुए हैं। पूर्वकाल में भगवान् विष्णु के भय से पीड़ित हुए राक्षसों ने उस पुरी को त्याग दिया था॥२९॥
शून्या रक्षोगणैः सर्वै रसातलतलं गतैः। शून्या सम्प्रति लङ्का सा प्रभुस्तस्या न विद्यते॥३०॥,"‘वे समस्त राक्षस रसातल को चले गये थे, इसलिये लङ्कापुरी सूनी हो गयी। इस समय भी लङ्कापुरी सूनी ही है, उसका कोई स्वामी नहीं है॥३०॥"
स त्वं तत्र निवासाय गच्छ पुत्र यथासुखम्। निर्दोषस्तत्र ते वासो न बाधस्तत्र कस्यचित्॥३१॥,‘अतः बेटा! तुम वहाँ निवास करने के लिये सुखपूर्वक जाओ। वहाँ रहने में किसी प्रकार का दोष या खटका नहीं है। वहाँ किसी की ओर से कोई विघ्नबाधा नहीं आ सकती’ ॥ ३१॥
एतच्छ्रुत्वा स धर्मात्मा धर्मिष्ठं वचनं पितुः। निवासयामास तदा लङ्कां पर्वतमूर्धनि॥३२॥,अपने पिता के इस धर्मयुक्त वचन को सुनकर धर्मात्मा वैश्रवण ने त्रिकूट पर्वत के शिखर पर बनी हुई लङ्कापुरी में निवास किया॥३२॥
नैर्ऋतानां सहस्रेस्तु हृष्टैः प्रमुदितैः सदा। अचिरेणैव कालेन सम्पूर्णा तस्य शासनात्॥३३॥,उनके निवास करने पर थोड़े ही दिनों में वह पुरी सहस्रों हृष्टपुष्ट राक्षसों से भर गयी। उनकी आज्ञा से वेराक्षस वहाँ आकर आनन्दपूर्वक रहने लगे॥३३॥
स तु तत्रावसत् प्रीतो धर्मात्मा नैर्ऋतर्षभः। समुद्रपरिखायां स लङ्कायां विश्रवात्मजः॥३४॥,"समुद्र जिसके लिये खाई का काम देता था, उस लङ्कानगरी में विश्रवा के धर्मात्मा पुत्र वैश्रवण राक्षसों के राजा हो बड़ी प्रसन्नता के साथ निवास करने लगे। ३४॥"
काले काले तु धर्मात्मा पुष्पकेण धनेश्वरः। अभ्यागच्छद् विनीतात्मा पितरं मातरं च हि॥३५॥,धर्मात्मा धनेश्वर समय-समयपर पुष्पकविमान के द्वारा आकर अपने माता-पिता से मिल जाया करते थे। उनका हृदय बड़ा ही विनीत था॥ ३५ ॥
स देवगन्धर्वगणैरभिष्टतस्तथाप्सरोनृत्यविभूषितालयः। गभस्तिभिः सूर्य इवावभासयन् पितुः समीपं प्रययौ स वित्तपः॥३६॥,देवता और गन्धर्व उनकी स्तुति करते थे। उनका भव्य भवन अप्सराओं के नृत्य से सुशोभित होता था। वे धनपति कुबेर अपनी किरणों से प्रकाशित होने वाले सूर्य की भाँति सब ओर प्रकाश बिखेरते हुए अपने पिता के समीप गये॥३६॥
इत्याचे श्रीमद्रामायणे वाल्मीकीये आदिकाव्ये उत्तरकाण्डे तृतीयः सर्गः॥३॥ इस प्रकार श्रीवाल्मीकि निर्मित आर्षरामायण आदिकाव्य के उत्तरकाण्ड में तीसरा सर्ग पूरा हुआ॥३॥,  </main>
Sarga Chapter- 1,Sarga Chapter- 1
॥ श्रीसीतारामचन्द्राभ्यां नमः॥ श्रीमद्वाल्मीकीय रामायण उत्तरकाण्डम् प्रथमः सर्गः (सर्ग 1),"श्रीराम के दरबार में महर्षियों का आगमन, उनके साथ उनकी बातचीत तथा श्रीराम के प्रश्न"
प्राप्तराज्यस्य रामस्य राक्षसानां वधे कृते। आजग्मुर्मुनयः सर्वे राघवं प्रतिनन्दितुम्॥१॥,"राक्षसों का संहार करने के अनन्तर जब भगवान् श्रीराम ने अपना राज्य प्राप्त कर लिया, तब सम्पूर्ण ऋषि-महर्षि श्रीरघुनाथजी का अभिनन्दन करने के लिये अयोध्यापुरी में आये॥१॥"
कौशिकोऽथ यवक्रीतो गाग्र्यो गालव एव च। कण्वो मेधातिथेः पुत्रः पूर्वस्यां दिशि ये श्रिताः॥२॥,"जो मुख्यतः पूर्व दिशा में निवास करते हैं, वे कौशिक, यवक्रीत, गार्ग्य, गालव और मेधातिथि के पुत्र कण्व वहाँ पधारे॥२॥"
स्वस्त्यात्रेयश्च भगवान् नमुचिः प्रमुचिस्तथा। अगस्त्योऽत्रिश्च भगवान् सुमुखो विमुखस्तथा॥ आजग्मुस्ते सहागस्त्या ये श्रिता दक्षिणां दिशम्।,"स्वस्त्यात्रेय, भगवान् नमुचि, प्रमुचि, अगस्त्य, भगवान् अत्रि, सुमुख और विमुख—ये दक्षिण दिशा में रहने वाले महर्षि अगस्त्यजी के साथ वहाँ आये॥ ३ १/२॥"
नृषङ्गः कवषो धौम्यः कौशेयश्च महानृषिः॥४॥ तेऽप्याजग्मुः सशिष्या वै ये श्रिताः पश्चिमां दिशम्।,"जो प्रायः पश्चिम दिशा का आश्रय लेकर रहते हैं, वे नृषङ्ग, कवष, धौम्य और महर्षि कौशेय भी अपने शिष्यों के साथ वहाँ आये॥ ४ १/२ ॥"
वसिष्ठः कश्यपोऽथात्रिर्विश्वामित्रः सगौतमः॥ जमदग्निर्भरद्वाजस्तेऽपि सप्तर्षयस्तथा। उदीच्यां दिशि सप्तैते नित्यमेव निवासिनः॥६॥,"इसी तरह उत्तर दिशा के नित्य-निवासी वसिष्ठ,* कश्यप, अत्रि, विश्वामित्र, गौतम, जमदग्नि औरभरद्वाज—ये सात ऋषि जो सप्तर्षि कहलाते हैं, अयोध्यापुरी में पधारे॥"
सम्प्राप्यैते महात्मानो राघवस्य निवेशनम्। विष्ठिताः प्रतिहारार्थं हुताशनसमप्रभाः॥७॥ वेदवेदाङ्गविदुषो नानाशास्त्रविशारदाः।,"ये सभी अग्नि के समान तेजस्वी, वेद-वेदाङ्गों के विद्वान् तथा नाना प्रकार के शास्त्रों का विचार करने में प्रवीण थे। वे महात्मा मुनि श्रीरघुनाथजी के राजभवन के पास पहुँचकर अपने आगमन की सूचना देने के लिये ड्योढ़ी पर खड़े हो गये॥ ७ १/२॥"
द्वाःस्थं प्रोवाच धर्मात्मा अगस्त्यो मुनिसत्तमः॥८॥ निवेद्यतां दाशरथेर्ऋषयो वयमागताः।,उस समय धर्मपरायण मुनिश्रेष्ठ अगस्त्य ने द्वारपाल से कहा—’तुम दशरथनन्दन भगवान् श्रीराम को जाकर सूचना दो कि हम अनेक ऋषि-मुनि आपसे मिलने के लिये आये हैं’॥ ८ १/२॥
प्रतीहारस्ततस्तूर्णमगस्त्यवचनाद् द्रुतम्॥९॥ समीपं राघवस्याशु प्रविवेश महात्मनः। नयेङ्गितज्ञः सद्वृत्तो दक्षो धैर्यसमन्वितः॥१०॥,"महर्षि अगस्त्य की आज्ञा पाकर द्वारपाल तुरंत महात्मा श्रीरघुनाथजी के समीप गया। वह नीतिज्ञ, इशारे से बात को समझने वाला, सदाचारी, चतुर और धैर्यवान् था॥"
स रामं दृश्य सहसा पूर्णचन्द्रसमद्युतिम्। अगस्त्यं कथयामास सम्प्राप्तमृषिसत्तमम्॥११॥,पूर्ण चन्द्रमा के समान कान्तिमान् श्रीराम का दर्शन करके उसने सहसा बताया—’प्रभो! मुनिश्रेष्ठ अगस्त्य अनेक ऋषियों के साथ पधारे हुए हैं’॥११॥
श्रुत्वा प्राप्तान् मुनींस्तांस्तु बालसूर्यसमप्रभान्। प्रत्युवाच ततो दाःस्थं प्रवेशय यथासुखम्॥१२॥,प्रातःकाल के सूर्य की भाँति दिव्य तेज से प्रकाशित होने वाले उन मुनीश्वरों के पदार्पण का समाचार सुनकर श्रीरामचन्द्रजी ने द्वारपाल से कहा—’तुम जाकर उन सब लोगों को यहाँ सुखपूर्वक ले आओ’ ॥१२॥
दृष्ट्वा प्राप्तान् मुनींस्तांस्तु प्रत्युत्थाय कृताञ्जलिः। पाद्याादिभिरानर्च गां निवेद्य च सादरम्॥१३॥,(आज्ञा पाकर द्वारपाल गया और सबको साथ ले आया।) उन मुनीश्वरों को उपस्थित देख श्रीरामचन्द्रजी हाथ जोड़कर खड़े हो गये। फिर पाद्यअर्घ्य आदि के द्वारा उनका आदरपूर्वक पूजन किया। पूजन से पहले उन सबके लिये एक-एक गाय भेंट की॥१३॥
रामोऽभिवाद्य प्रयत आसनान्यादिदेश ह। तेषु काञ्चनचित्रेषु महत्सु च वरेषु च॥१४॥ कुशान्तर्धानदत्तेषु मृगचर्मयुतेषु च। यथार्हमुपविष्टास्ते आसनेष्वृषिपुङ्गवाः॥१५॥,श्रीराम ने शुद्धभाव से उन सबको प्रणाम करके उन्हें बैठने के लिये आसन दिये। वे आसन सोने के बने हुए और विचित्र आकार-प्रकार वाले थे। सुन्दर होने के साथ ही वे विशाल और विस्तृत भी थे। उनपर कुश के आसन रखकर ऊपर से मृगचर्म बिछाये गये थे। उन आसनों पर वे श्रेष्ठ मुनि यथायोग्य बैठ गये॥ १४-१५॥
रामेण कुशलं पृष्टाः सशिष्याः सपुरोगमाः। महर्षयो वेदविदो रामं वचनमब्रुवन्।,तब श्रीराम ने शिष्यों और गुरुजनोंसहित उन सबका कुशल-समाचार पूछा। उनके पूछने पर वे वेदवेत्ता महर्षि इस प्रकार बोले- ॥ १५ १/२॥
कुशलं नो महाबाहो सर्वत्र रघुनन्दन॥१६॥ त्वां तु दिष्ट्या कुशलिनं पश्यामो हतशात्रवम्। दिष्ट्या त्वया हतो राजन् रावणो लोकरावणः॥१७॥,"‘महाबाहु रघुनन्दन! हमारे लिये तो सर्वत्र कुशलही-कुशल है। सौभाग्य की बात है कि हम आपको सकुशल देख रहे हैं और आपके सारे शत्रु मारे जा चुके हैं। राजन्! आपने सम्पूर्ण लोकों को रुलाने वाले रावण का वध किया, यह सबके लिये बड़े सौभाग्य की बात है।"
नहि भारः स ते राम रावणः पुत्रपौत्रवान्। सधनुस्त्वं हि लोकांस्त्रीन् विजयेथा न संशयः॥१८॥,‘श्रीराम! पुत्र-पौत्रोंसहित रावण आपके लिये कोई भार नहीं था। आप धनुष लेकर खड़े हो जायँ तो तीनों लोकों पर विजय पा सकते हैं; इसमें संशय नहीं
दिष्ट्या त्वया हतो राम रावणो राक्षसेश्वरः। दिष्ट्या विजयिनं त्वाद्य पश्यामः सह सीतया॥१९॥,"‘रघुनन्दन राम! आपने राक्षसराज रावण का वध कर दिया और सीता के साथ आप विजयी वीरों को आज हम सकुशल देख रहे हैं, यह कितने आनन्द की बात है॥ १९॥"
लक्ष्मणेन च धर्मात्मन् भ्रात्रा त्वद्धितकारिणा। मातृभिर्धातृसहितं पश्यामोऽद्य वयं नृप॥२०॥,"‘धर्मात्मा नरेश! आपके भाई लक्ष्मण सदा आपके हित में लगे रहने वाले हैं। आप इनके, भरत-शत्रुघ्न के तथा माताओं के साथ अब यहाँ सानन्द विराज रहे हैं और इस रूप में हमें आपका दर्शन हो रहा है, यह हमारा अहोभाग्य है॥ २० ॥"
दिष्ट्या प्रहस्तो विकटो विरूपाक्षो महोदरः। अकम्पनश्च दुर्धर्षो निहतास्ते निशाचराः॥२१॥,"‘प्रहस्त, विकट, विरूपाक्ष, महोदर तथा दुर्धर्ष अकम्पन-जैसे निशाचर आपलोगों के हाथ से मारे गये, यह बड़े आनन्द की बात है॥ २१॥"
यस्य प्रमाणाद् विपुलं प्रमाणं नेह विद्यते। दिष्ट्या ते समरे राम कुम्भकर्णो निपातितः॥२२॥,"‘श्रीराम! शरीर की ऊँचाई और स्थूलता में जिससे बढ़कर दूसरा कोई है ही नहीं, उस कुम्भकर्ण को भी आपने समराङ्गण में मार गिराया, यह हमारे लिये परम सौभाग्य की बात है॥ २२॥"
त्रिशिराश्चातिकायश्च देवान्तकनरान्तकौ। दिष्ट्या ते निहता राम महावीर्या निशाचराः॥२३॥,"‘श्रीराम! त्रिशिरा, अतिकाय, देवान्तक तथा नरान्तक-ये महापराक्रमी निशाचर भी हमारे सौभाग्य से ही आपके हाथों मारे गये॥ २३॥"
कुम्भश्चैव निकुम्भश्च राक्षसौ भीमदर्शनौ। दिष्ट्या तौ निहतौ राम कुम्भकर्णसुतौ मृधे॥२४॥,"‘रघुवीर! जो देखने में भी बड़े भयंकर थे, वे कुम्भकर्ण के दोनों पुत्र कुम्भ और निकुम्भ नामक राक्षस भी भाग्यवश युद्ध में मारे गये॥२४॥"
युद्धोन्मत्तश्च मत्तश्च कालान्तकयमोपमौ। यज्ञकोपश्च बलवान् धूम्राक्षो नाम राक्षसः॥२५॥,‘प्रलयकाल के संहारकारी यमराज की भाँति भयानक युद्धोन्मत्त और मत्त भी काल के गाल में चले गये। बलवान् यज्ञकोप और धूम्राक्ष नामक राक्षस भी यमलोक के अतिथि हो गये॥ २५॥
कुर्वन्तः कदनं घोरमेते शस्त्रास्त्रपारगाः। अन्तकप्रतिमैर्बाणैर्दिष्ट्या विनिहतास्त्वया॥२६॥,‘ये समस्त निशाचर अस्त्र-शस्त्रों के पारंगत विद्वान् थे। इन्होंने जगत् में भयंकर संहार मचा रखा था; परंतु आपने अन्तकतुल्य बाणों द्वारा इन सबको मौत के घाट उतार दिया; यह कितने हर्ष की बात है। २६॥
दिष्ट्या त्वं राक्षसेन्द्रेण द्वन्द्वयुद्धमुपागतः। देवतानामवध्येन विजयं प्राप्तवानसि॥२७॥,"‘राक्षसराज रावण देवताओं के लिये भी अवध्य था, उसके साथ आप द्वन्द्वयुद्ध में उतर आये और विजय भी आपको ही मिली; यह बड़े सौभाग्य की बात है।"
संख्ये तस्य न किंचित् तु रावणस्य पराभवः। द्वन्द्वयुद्धमनुप्राप्तो दिष्ट्या ते रावणिर्हतः॥२८॥,"‘युद्ध में आपके द्वारा जो रावण का पराभव (संहार) हुआ, वह कोई बड़ी बात नहीं है; परंतु द्वन्द्वयुद्ध में लक्ष्मण के द्वारा जो रावणपुत्र इन्द्रजित् का वध हुआ है, वही सबसे बढ़कर आश्चर्य की बात है॥ २८॥"
दिष्टया तस्य महाबाहो कालस्येवाभिधावतः। मुक्तः सुररिपोर्वीर प्राप्तश्च विजयस्त्वया॥२९॥,"‘महाबाहु वीर! काल के समान आक्रमण करने वाले उस देवद्रोही राक्षस के नागपाश से मुक्त होकर आपने विजय प्राप्त की, यह महान् सौभाग्य की बात है॥ २९॥"
अभिनन्दाम ते सर्वे संश्रुत्येन्द्रजितो वधम्। अवध्यः सर्वभूतानां महामायाधरो युधि॥३०॥ विस्मयस्त्वेष चास्माकं तं श्रुत्वेन्द्रजितं हतम्।,"‘इन्द्रजित् के वध का समाचार सुनकर हम सब लोग बहुत प्रसन्न हुए हैं और इसके लिये आपका अभिनन्दन करते हैं। वह महामायावी राक्षस युद्ध में सभी प्राणियों के लिये अवध्य था। वह इन्द्रजित् भी मारा गया, यह सुनकर हमें अधिक आश्चर्य हुआ है॥ ३० १/२॥"
एते चान्ये च बहवो राक्षसाः कामरूपिणः॥३१॥ दिष्ट्या त्वया हता वीरा रघूणां कुलवर्धन।,"‘रघुकुल की वृद्धि करने वाले श्रीराम ! ये तथा और भी बहुत-से इच्छानुसार रूप धारण करने वाले वीर राक्षस आपके द्वारा मारे गये, यह बड़े आनन्द की बात है॥ ३१ १/२॥"
दत्त्वा पुण्यामिमां वीर सौम्यामभयदक्षिणाम्॥३२॥ दिष्ट्या वर्धसि काकुत्स्थ जयेनामित्रकर्शन।,"‘वीर! ककुत्स्थकुलभूषण! शत्रुसूदन श्रीराम! आप संसार को यह परम पुण्यमय सौम्य अभयदान देकर अपनी विजय के कारण वधाई के पात्र हो गये हैं निरन्तर बढ़ रहे हैं, यह कितने हर्ष की बात है!’॥ ३२ १/२॥"
श्रुत्वा तु वचनं तेषां मुनीनां भावितात्मनाम्॥३३॥ विस्मयं परमं गत्वा रामः प्राञ्जलिरब्रवीत्।,उन पवित्रात्मा मुनियों की वह बात सुनकर श्रीरामचन्द्रजी को बड़ा आश्चर्य हुआ। वे हाथ जोड़कर पूछने लगे- ॥ ३३ १/२॥
भगवन्तः कुम्भकर्णं रावणं च निशाचरम्॥३४॥ अतिक्रम्य महावी किं प्रशंसथ रावणिम्।,‘पूज्यपाद महर्षियो! निशाचर रावण तथा कुम्भकर्ण दोनों ही महान् बल-पराक्रम से सम्पन्न थे। उन दोनों को लाँघकर आप रावणपुत्र इन्द्रजित् की ही प्रशंसा क्यों करते हैं? ॥ ३४ १/२॥
महोदरं प्रहस्तं च विरूपाक्षं च राक्षसम्॥३५॥ मत्तोन्मत्तौ च दुर्धर्षों देवान्तकनरान्तकौ। अतिक्रम्य महावीरान् किं प्रशंसथ रावणिम्॥,"‘महोदर, प्रहस्त, विरूपाक्ष, मत्त, उन्मत्त तथा दुर्धर्ष वीर देवान्तक और नरान्तक-इन महान् वीरों का उल्लङ्घन करके आपलोग रावणकुमार इन्द्रजित् की ही प्रशंसा क्यों कर रहे हैं? ॥ ३५-३६ ॥"
अतिकायं त्रिशिरसं धूम्राक्षं च निशाचरम्। अतिक्रम्य महावीर्यान् किं प्रशंसथ रावणिम्॥३७॥,"‘अतिकाय, त्रिशिरा तथा निशाचर धूम्राक्ष—इन महापराक्रमी वीरों का अतिक्रमण करके आप रावणपुत्र इन्द्रजित् की ही प्रशंसा क्यों करते हैं? ॥ ३७॥"
कीदृशो वै प्रभावोऽस्य किं बलं कः पराक्रमः। केन वा कारणेनैष रावणादतिरिच्यते॥३८॥,‘उसका प्रभाव कैसा था? उसमें कौन-सा बल और पराक्रम था? अथवा किस कारण से यह रावण से भी बढ़कर सिद्ध होता है॥ ३८॥
शक्यं यदि मया श्रोतुं न खल्वाज्ञापयामि वः। यदि गुह्यं न चेद् वक्तुं श्रोतुमिच्छामि कथ्यताम्॥३९॥,"‘यदि यह मेरे सुनने योग्य हो, गोपनीय न हो तो मैं इसे सुनना चाहता हूँ। आपलोग बताने की कृपा करें। यह मेरा विनम्र अनुरोध है। मैं आपलोगों को आज्ञा नहीं दे रहा हूँ॥ ३९॥"
शक्रोऽपि विजितस्तेन कथं लब्धवरश्च सः। कथं च बलवान् पुत्रो न पिता तस्य रावणः॥४०॥,‘उस रावणपुत्र ने इन्द्र को भी किस तरह जीत लिया? कैसे वरदान प्राप्त किया? पुत्र किस प्रकार महाबलवान् हो गया और उसका पिता रावण क्यों वैसा बलवान् नहीं हुआ? ॥ ४०॥
कथं पितुश्चाप्यधिको महाहवे शक्रस्य जेता हि कथं स राक्षसः। वरांश्च लब्धाः कथयस्व मेऽद्य तत् पृच्छतश्चास्य मुनीन्द्र सर्वम्॥४१॥,‘मुनीश्वर! वह राक्षस इन्द्रजित् महासमर में किस तरह पिता से भी अधिक शक्तिशाली एवं इन्द्रपर भी विजय पाने वाला हो गया? तथा किस तरह उसने बहुत-से वर प्राप्त कर लिये? इन सब बातों को मैं जानना चाहता हूँ; इसलिये बारम्बार पूछता हूँ। आज आप ये सारी बातें मुझे बताइये ॥ ४१॥
इत्याचे श्रीमद्रामायणे वाल्मीकीये आदिकाव्ये उत्तरकाण्डे प्रथमः सर्गः॥१॥ इस प्रकार श्रीवाल्मीकि निर्मित आर्षरामायण आदिकाव्य के उत्तरकाण्ड में पहला सर्ग पूरा हुआ॥१॥,  </main>
Sarga Chapter- 2,Sarga Chapter- 2
॥ श्रीसीतारामचन्द्राभ्यां नमः॥ श्रीमद्वाल्मीकीय रामायण उत्तरकाण्डम् द्वितीयः सर्गः (सर्ग 2),महर्षि अगस्त्य के द्वारा पुलस्त्य के गुण और तपस्या का वर्णन तथा उनसे विश्रवामुनि की उत्पत्ति का कथन
तस्य तद् वचनं श्रुत्वा राघवस्य महात्मनः। कुम्भयोनिमहातेजा वाक्यमेतदवाच ह॥१॥,महात्मा रघुनाथजी का वह प्रश्न सुनकर महातेजस्वी कुम्भयोनि अगस्त्य ने उनसे इस प्रकार कहा- ॥१॥
शृणु राम तथा वृत्तं तस्य तेजोबलं महत्। जघान शत्रून् येनासौ न च वध्यः स शत्रुभिः॥२॥,"‘श्रीराम! इन्द्रजित् के महान् बल और तेज के उद्देश्य से जो वृत्तान्त घटित हुआ है, उसे बताता हूँ, सुनो। जिस बल के कारण वह तो शत्रुओं को मार गिराता था, परंतु स्वयं किसी शत्रु के हाथ से मारा नहीं जाता था; उसका परिचय दे रहा हूँ॥२॥"
तावत् ते रावणस्येदं कुलं जन्म च राघव। वरप्रदानं च तथा तस्मै दत्तं ब्रवीमि ते॥३॥,"‘रघुनन्दन! इस प्रस्तुत विषय का वर्णन करने के लिये मैं पहले आपको रावण के कुल, जन्म तथा वरदान-प्राप्ति आदि का प्रसङ्ग सुनाता हूँ॥ ३॥"
पुरा कृतयुगे राम प्रजापतिसुतः प्रभुः। पुलस्त्यो नाम ब्रह्मर्षिः साक्षादिव पितामहः॥४॥,"‘श्रीराम! प्राचीनकाल–सत्ययुग की बात है, प्रजापति ब्रह्माजी के एक प्रभावशाली पुत्र हुए, जो ब्रह्मर्षि पुलस्त्य के नाम से प्रसिद्ध हैं। वे साक्षात् ब्रह्माजी के समान ही तेजस्वी हैं॥ ४॥"
नानुकीर्त्या गुणास्तस्य धर्मतः शीलतस्तथा। प्रजापतेः पुत्र इति वक्तुं शक्यं हि नामतः॥५॥,"‘उनके गुण, धर्म और शील का पूरा-पूरा वर्णन नहीं किया जा सकता। उनका इतना ही परिचय देना पर्याप्त होगा कि वे प्रजापति के पुत्र हैं॥५॥"
प्रजापतिसुतत्वेन देवानां वल्लभो हि सः। इष्टः सर्वस्य लोकस्य गुणैः शुभैर्महामतिः॥६॥,‘प्रजापति ब्रह्मा के पुत्र होने के कारण ही देवता लोग उनसे बहुत प्रेम करते हैं। वे बड़े बुद्धिमान् हैं और अपने उज्ज्वल गुणों के कारण ही सब लोगों के प्रिय हैं॥६॥
स तु धर्मप्रसङ्गेन मेरोः पार्वे महागिरेः। तृणबिन्द्राश्रमं गत्वाप्यवसन्मुनिपुङ्गवः॥७॥,‘एक बार मुनिवर पुलस्त्य धर्माचरण के प्रसङ्ग से महागिरि मेरु के निकटवर्ती राजर्षि तृणबिन्दु के आश्रम में गये और वहीं रहने लगे॥७॥
तपस्तेपे स धर्मात्मा स्वाध्यायनियतेन्द्रियः। गत्वाऽऽश्रमपदं तस्य विघ्नं कुर्वन्ति कन्यकाः॥८॥ ऋषिपन्नगकन्याश्च राजर्षितनयाश्च याः। क्रीडन्त्योऽप्सरसश्चैव तं देशमुपपेदिरे॥९॥,"‘उनका मन सदा धर्म में ही लगा रहता था। वे इन्द्रियों को संयम में रखते हुए प्रतिदिन वेदों का स्वाध्याय करते और तपस्या में लगे रहते थे। परंतु कुछ कन्याएँ उनके आश्रम में जाकर उनकी तपस्या में विघ्न डालने लगीं। ऋषियों, नागों तथा राजर्षियों की कन्याएँ और जो अप्सराएँ हैं, वे भी प्रायः क्रीडा करती हुई उनके आश्रम की ओर आ जाती थीं। ८-९॥"
सर्वर्तुषूपभोग्यत्वाद् रम्यत्वात् काननस्य च। नित्यशस्तास्तु तं देशं गत्वा क्रीडन्ति कन्यकाः॥१०॥,"‘वहाँ का वन सभी ऋतुओं में उपभोग में लाने के योग्य और रमणीय था, इसलिये वे कन्याएँ प्रतिदिन उस प्रदेश में जाकर भाँति-भाँति की क्रीडाएँ करती थीं॥ १०॥"
देशस्य रमणीयत्वात् पुलस्त्यो यत्र स द्विजः। गायन्त्यो वादयन्त्यश्च लासयन्त्यस्तथैव च॥११॥ मुनेस्तपस्विनस्तस्य विघ्नं चक्रुरनिन्दिताः।,"‘जहाँ ब्रह्मर्षि पुलस्त्य रहते थे, वह स्थान तो और भी रमणीय था; इसलिये वे सती-साध्वी कन्याएँ प्रतिदिन वहाँ आकर गाती, बजाती तथा नाचती थीं। इस प्रकार उन तपस्वी मुनि के तप में विघ्न डाला करती थीं। ११ १/२॥"
अथ रुष्टो महातेजा व्याजहार महामुनिः॥१२॥ या मे दर्शनमागच्छेत् सा गर्भ धारयिष्यति।,"‘इससे वे महातेजस्वी महामुनि पुलस्त्य कुछ रुष्ट हो गये और बोले—’कल से जो लड़की यहाँ मेरे दृष्टिपथ में आयेगी, वह निश्चय ही गर्भ धारण कर लेगी’ ॥ १२ १/२॥"
तास्तु सर्वाः प्रतिश्रुत्य तस्य वाक्यं महात्मनः॥१३॥ ब्रह्मशापभयाद् भीतास्तं देशं नोपचक्रमुः।,‘उन महात्मा की यह बात सुनकर वे सब कन्याएँ ब्रह्मशाप के भय से डर गयीं और उन्होंने उस स्थान पर आना छोड़ दिया॥ १३ १/२॥
तृणबिन्दोस्तु राजर्षेस्तनया न शृणोति तत्॥१४॥ गत्वाऽऽश्रमपदं तत्र विचचार सुनिर्भया।,‘परंतु राजर्षि तृणबिन्दु की कन्या ने इस शाप को नहीं सुना था; इसलिये वह दूसरे दिन भी बेखट के आकर उस आश्रम में विचरने लगी॥ १४ १/२॥
न चापश्यच्च सा तत्र कांचिदभ्यागतां सखीम्॥१५॥ तस्मन् काले महातेजाः प्राजापत्यो महानृषिः। स्वाध्यायमकरोत् तत्र तपसा भावितः स्वयम्॥१६॥,‘वहाँ उसने अपनी किसी सखी को आयी हुई नहीं देखा। उस समय प्रजापति के पुत्र महातेजस्वी महर्षि पुलस्त्य अपनी तपस्या से प्रकाशित हो वहाँ वेदों का स्वाध्याय कर रहे थे॥ १५-१६॥
सा तु वेदश्रुतिं श्रुत्वा दृष्ट्वा वै तपसो निधिम्। अभवत् पाण्डुदेहा सा सुव्यञ्जितशरीरजा॥१७॥,‘उस वेदध्वनि को सुनकर वह कन्या उसी ओर गयी और उसने तपोनिधि पुलस्त्यजी का दर्शन किया। महर्षि की दृष्टि पड़ते ही उसके शरीर पर पीलापन छा गया और गर्भ के लक्षण प्रकट हो गये॥ १७॥
बभूव च समुद्रिग्ना दृष्ट्वा तद्दोषमात्मनः। इदं मे किंत्विति ज्ञात्वा पितुर्गत्वाऽऽश्रमे स्थिता॥१८॥,‘अपने शरीर में यह दोष देखकर वह घबरा उठी और ‘मुझे यह क्या हो गया?’ इस प्रकार चिन्ता करती हुई पिता के आश्रम पर जाकर खड़ी हुई॥ १८ ॥
तां तु दृष्ट्वा तथाभूतां तृणबिन्दुरथाब्रवीत्। किं त्वमेतत्त्वसदृशं धारयस्यात्मनो वपुः॥१९॥,"‘अपनी कन्या को उस अवस्था में देखकर तृणबिन्दु ने पूछा—’तुम्हारे शरीर की ऐसी अवस्था कैसे हुई? तुम अपने शरीर को जिस रूप में धारण कर रही हो, यह तुम्हारे लिये सर्वथा अयोग्य एवं अनुचित है’ ॥ १९॥"
सा तु कृत्वाञ्जलिं दीना कन्योवाच तपोधनम्। न जाने कारणं तात येन मे रूपमीदृशम्॥२०॥,"वह बेचारी कन्या हाथ जोड़कर उन तपोधन मुनि से बोली—’पिताजी ! मैं उस कारण को नहीं समझ पाती, जिससे मेरा रूप ऐसा हो गया है॥ २०॥"
किं तु पूर्वं गतास्म्येका महर्षेर्भावितात्मनः। पुलस्त्यस्याश्रमं दिव्यमन्वेष्टुं स्वसखीजनम्॥२१॥,‘अभी थोड़ी देर पहले मैं पवित्र अन्तःकरण वाले महर्षि पुलस्त्य के दिव्य आश्रम पर अपनी सखियों को खोजने के लिये अकेली गयी थी॥२१॥
न च पश्याम्यहं तत्र कांचिदभ्यागतां सखीम्। रूपस्य तु विपर्यासं दृष्ट्वा त्रासादिहागता॥२२॥,‘वहाँ देखती हूँ तो कोई भी सखी उपस्थित नहीं है। साथ ही मेरा रूप पहले से विपरीत अवस्था में पहुँच गया है; यह सब देखकर मैं भयभीत हो यहाँ आ गयी हूँ’॥ २२॥
तृणबिन्दुस्तु राजर्षिस्तपसा द्योतितप्रभः । ध्यानं विवेश तच्चापि अपश्यदृषिकर्मजम्॥२३॥,‘राजर्षि तृणबिन्दु अपनी तपस्या से प्रकाशमान थे। उन्होंने ध्यान लगाकर देखा तो ज्ञात हुआ कि यह सब कुछ महर्षि पुलस्त्य के ही करने से हुआ है। २३॥
स तु विज्ञाय तं शापं महर्षेर्भावितात्मनः। गृहीत्वा तनयां गत्वा पुलस्त्यमिदमब्रवीत्॥२४॥,‘उन पवित्रात्मा महर्षि के उस शाप को जानकर वे अपनी पुत्री को साथ लिये पुलस्त्यजी के पास गये और इस प्रकार बोले- ॥२४॥
भगवंस्तनयां मे त्वं गुणैः स्वैरेव भूषिताम्। भिक्षां प्रतिगृहाणेमां महर्षे स्वयमुद्यताम्॥२५॥,‘भगवन् ! मेरी यह कन्या अपने गुणों से ही विभूषित है। महर्षे! आप इसे स्वयं प्राप्त हुई भिक्षा के रूप में ग्रहण कर लें॥२५॥
तपश्चरणयुक्तस्य श्रम्यमाणेन्द्रियस्य ते। शुश्रूषणपरा नित्यं भविष्यति न संशयः॥२६॥,"‘आप तपस्या में लगे रहने के कारण थक जाते होंगे; अतः यह सदा साथ रहकर आपकी सेवाशुश्रूषा किया करेगी, इसमें संशय नहीं है ॥२६॥"
तं ब्रुवाणं तु तद् वाक्यं राजर्षि धार्मिकं तदा। जिघृक्षरब्रवीत् कन्यां बाढमित्येव स द्विजः॥२७॥,ऐसी बात कहते हुए उन धर्मात्मा राजर्षि को देखकर उनकी कन्या को ग्रहण करने की इच्छा से उन ब्रह्मर्षि ने कहा—’बहुत अच्छा’ ॥२७॥
दत्त्वा तु तनयां राजा स्वमाश्रमपदं गतः। सापि तत्रावसत् कन्या तोषयन्ती पतिं गुणैः॥२८॥,‘तब उन महर्षि को अपनी कन्या देकर राजर्षि तृणबिन्दु अपने आश्रम पर लौट आये और वह कन्या अपने गुणों से पति को संतुष्ट करती हुई वहीं रहने लगी॥ २८॥
तस्यास्तु शीलवृत्ताभ्यां तुतोष मुनिपुङ्गवः। प्रीतः स तु महातेजा वाक्यमेतदुवाच ह॥२९॥,‘उसके शील और सदाचार से वे महातेजस्वी मुनिवर पुलस्त्य बहुत संतुष्ट हुए और प्रसन्नतापूर्वक यों बोले- ॥२९॥
परितुष्टोऽस्मि सुश्रोणि गुणानां सम्पदा भृशम्। तस्माद् देवि ददाम्यद्य पुत्रमात्मसमं तव॥३०॥ उभयोर्वंशकर्तारं पौलस्त्य इति विश्रुतम्।,"‘सुन्दरि! मैं तुम्हारे गुणों के वैभव से अत्यन्त प्रसन्न हूँ। देवि! इसीलिये आज मैं तुम्हें अपने समान पुत्र प्रदान करता हूँ, जो माता और पिता दोनों के कुल की प्रतिष्ठा बढ़ायेगा और पौलस्त्य नाम से विख्यात होगा।"
यस्मात् तु विश्रुतो वेदस्त्वयेहाध्ययतो मम॥३१॥ तस्मात् स विश्रवा नाम भविष्यति न संशयः।,"‘देवि! मैं यहाँ वेद का स्वाध्याय कर रहा था, उस समय तुमने आकर उसका विशेषरूप से श्रवण किया, इसलिये तुम्हारा वह पुत्र विश्रवा या विश्रवण कहलायेगा; इसमें संशय नहीं है’ ॥ ३१ १/२॥"
एवमुक्ता तु सा देवी प्रहृष्टेनान्तरात्मना॥३२॥ अचिरेणैव कालेनासूत विश्रवसं सुतम्। त्रिषु लोकेषु विख्यातं यशोधर्मसमन्वितम्॥३३॥,"‘पति के प्रसन्नचित्त होकर ऐसी बात कहने पर उस देवी ने बड़े हर्ष के साथ थोड़े ही समय में विश्रवा नामक पुत्र को जन्म दिया, जो यश और धर्म से सम्पन्न होकर तीनों लोकों में विख्यात हुआ। ३२-३३॥"
श्रुतिमान् समदर्शी च व्रताचाररतस्तथा। पितेव तपसा युक्तो ह्यभवद् विश्रवा मुनिः॥३४॥,"‘विश्रवा मुनि वेद के विद्वान्, समदर्शी, व्रत और आचारका पालन करने वाले तथा पिता के समान ही तपस्वी हुए’ ॥ ३४॥"
इत्यार्षे श्रीमद्रामायणे वाल्मीकीये आदिकाव्ये उत्तरकाण्डे द्वितीयः सर्गः॥२॥ इस प्रकार श्रीवाल्मीकि निर्मित आर्षरामायण आदिकाव्य के उत्तरकाण्ड में दूसरा सर्ग पूरा हुआ॥२॥,  </main>
